email,title,subject,content
author1@example.com,Abstract 1,Physics,A model of particle interactions in high-energy collisions.
author2@example.com,Abstract 2,Chemistry,Exploring new catalysts for hydrogen production.
author3@example.com,Abstract 3,Math,Advances in topology and its applications to data science.
author4@example.com,Abstract 4,Physics,Quantum computing and its future in cryptography.
author5@example.com,Abstract 5,Chemistry,Reactions of new organic compounds in biochemistry.
author6@example.com,Abstract 6,Math,Exploring complex dynamics in mathematical models.
author7@example.com,Abstract 7,Physics,Understanding dark matter through particle physics.
author8@example.com,Abstract 8,Chemistry,The role of nanomaterials in renewable energy storage.
author9@example.com,Abstract 9,Math,Non-Euclidean geometry and its implications in modern physics.
author10@example.com,Abstract 10,Physics,Theory of relativity and its influence on modern technology.
author11@example.com,Abstract 11,Chemistry,Investigating sustainable chemical reactions for cleaner industry.
author12@example.com,Abstract 12,Math,Mathematical approaches to cryptography and data security.
author13@example.com,Abstract 13,Physics,Astrophysical insights from black hole research.
author14@example.com,Abstract 14,Chemistry,Organic chemistry: advances in drug synthesis.
author15@example.com,Abstract 15,Math,The P vs NP problem and its impact on computational theory.
author16@example.com,Abstract 16,Physics,Particle accelerators and their role in discovering new elements.
author17@example.com,Abstract 17,Chemistry,Biochemical pathways in plant photosynthesis and energy conversion.
author18@example.com,Abstract 18,Math,Topology in machine learning and artificial intelligence.
author19@example.com,Abstract 19,Physics,The physics of superconductivity and its applications in electronics.
author20@example.com,Abstract 20,Chemistry,Catalysis in environmental chemistry and pollution control.
author21@example.com,Abstract 21,Math,Geometrical analysis of algorithms in data processing.
author22@example.com,Abstract 22,Physics,Quantum mechanics and the future of quantum computing.
author23@example.com,Abstract 23,Chemistry,New approaches to recycling and chemical waste management.
author24@example.com,Abstract 24,Math,Mathematical models in predicting climate change.
author25@example.com,Abstract 25,Physics,The search for the Higgs boson and its implications in particle physics.
